[
    {
	"name": "Simon Cousins",
	"date": "May 7th, 2019",
	"message": "Thank you for your plugin!"
    },
    {
	"name": "RollAlready Entertainment LLC",
	"date": "May 7th, 2019",
	"message": "Thank you from RollAlready.com"
    },
    {
	"name": "Donor #3",
	"date": "May 7th, 2019",
	"message": "Thank you so much for the slick beyond20 integration!!! some Rations"
    },
    {
	"name": "Respheal",
	"date": "May 8th, 2019",
	"message": "Roll20 extension tip"
    },
    {
	"name": "Donor #7",
	"date": "May 18th, 2019",
	"message": "Thanks for Beyond20 - I'm really excited and hope you keep supporting it! (Maybe have the extension remind us when it's your birthday or something)."
    },
    {
	"name": "James Sherwood",
	"date": "May 19th, 2019",
	"message": "Donation for the creation of Beyond20 - Thanks so much for making a fantastic tool used by myself and all my players."
    },
    {
	"name": "Donor #11",
	"date": "May 23rd, 2019",
	"message": "A small thank you for what you're doing with Beyond20"
    },
    {
	"name": "ManiacEmd",
	"date": "May 27th, 2019",
	"message": "Thank you very much. Keep on the good work!"
    },
    {
	"name": "Christopher Hall",
	"date": "May 29th, 2019",
	"message": "I just found your extension and man the amount of time you have managed to save me is amazing. This thing is awesome."
    },
    {
	"name": "Donor #15",
	"date": "June 1st, 2019",
	"message": "gods walk the earth in more than just tales told by a drunken fool"
    },
    {
	"name": "Donor #16",
	"date": "June 5th, 2019",
	"message": "Great app, I would give more if I could :/"
    },
    {
	"name": "Donor #17",
	"date": "June 6th, 2019",
	"message": "My wife and I both use your extension and it has really made D&D Beyond + Roll20 a great experience. Thanks for all your hard work!"
    },
    {
	"name": "Donor #20",
	"date": "July 17th, 2019",
	"message": "I love your Beyond20 extension!"
    },
    {
	"name": "Donor #21",
	"date": "August 5th, 2019",
	"message": "Just discovered Beyond20. This is amazing and perfect!! Thanks for this work."
    },
    {
	"name": "Donor #24",
	"date": "August 17th, 2019",
	"message": "You've been real clutch for our D&D game that started on Roll20 and now using Foundry. Honestly been such a luxury. D&D Beyond should partner with you or something haha! Anyway here's another few bucks as appreciation. Also happy belated birthday."
    },
    {
	"name": "Donor #25",
	"date": "August 26th, 2019",
	"message": "Thank you for the amazing extension!"
    },
    {
	"name": "Donor #26",
	"date": "August 28th, 2019",
	"message": "You are a legend. What an awesome solution. Thank you from Australia - getting all my players to install."
    },
    {
	"name": "Donor #28",
	"date": "September 21st, 2019",
	"message": "Thank you for the amazing extension for Roll20. It's been a real lifesaver!"
    },
    {
	"name": "Donor #29",
	"date": "October 19th, 2019",
	"message": "Thanks for making the DNDBeyond extension, it has transformed my groups dynamic and has really made a difference, thank you."
    },
    {
	"name": "Donor #30",
	"date": "December 17th, 2019",
	"message": "My group loves using Beyond20!"
    },
    {
	"name": "Donor #33",
	"date": "January 28th, 2020",
	"message": "Thank you so much for this plugin. This has made my DM life SO much easier! -- John"
    }
]
